<?xml version="1.0" encoding="UTF-8"?>
<plugin_manifest xmlns="http://www.elgg.org/plugin_manifest/1.8">
	<name>Showcase</name>
	<id>showcase</id>
	<author>Evan Winslow</author>
	<version>1.9</version>
	<category>content</category>
	<description>Show off implementations/uses of your product.</description>
	<website>http://ewinslow.com/</website>
	<copyright>(C) 2011-12 Evan Winslow</copyright>
	<license>GNU Public License version 2</license>
	<requires>
		<type>elgg_release</type>
		<version>1.9</version>
	</requires>
</plugin_manifest>
